,gene_symbol,study,experiment_name,lflank,rflank,col_sums
1,Atoh1_,Jolma2013,Atoh1_ESZ_TAGTCC20NCTT,CGGAGTCGGCAAGCAGAAGACGGCATACGATAAG,GGACTAGATCGGAAGAGCGTCG,5
4,Atoh1_,Yang2017,Atoh1_ESZ_TAGTCC20NCTT,CGGAGTCGGCAAGCAGAAGACGGCATACGATAAG,GGACTAGATCGGAAGAGCGTCG,5
52,BHLHA15,Jolma2013,BHLHA15_ESY_TCCGTG20NCG,CGGAGTCGGCAAGCAGAAGACGGCATACGATCG,CACGGAGATCGGAAGAGCGTCG,5
58,BHLHA15,Yang2017,BHLHA15_ESY_TCCGTG20NCG,CGGAGTCGGCAAGCAGAAGACGGCATACGATCG,CACGGAGATCGGAAGAGCGTCG,5
337,BHLHE41,Jolma2013,BHLHB3_ESAD_TCAAAA20NCG,CGGAGTCGGCAAGCAGAAGACGGCATACGATCG,TTTTGAGATCGGAAGAGCGTCG,5
340,BHLHE41,Yang2017,BHLHB3_ESAD_TCAAAA20NCG,CGGAGTCGGCAAGCAGAAGACGGCATACGATCG,TTTTGAGATCGGAAGAGCGTCG,5
385,BHLHE23,Jolma2013,BHLHE23_ESY_TATATC20NCG,CGGAGTCGGCAAGCAGAAGACGGCATACGATCG,GATATAGATCGGAAGAGCGTCG,5
412,CLOCK,Jolma2013,CLOCK_ESZ_TGAGAT20NAGA,CGGAGTCGGCAAGCAGAAGACGGCATACGATTCT,ATCTCAGATCGGAAGAGCGTCG,5
418,CLOCK,Yang2017,CLOCK_ESZ_TGAGAT20NAGA,CGGAGTCGGCAAGCAGAAGACGGCATACGATTCT,ATCTCAGATCGGAAGAGCGTCG,5
700,HES5,Jolma2013,HES5_ESY_TCCACG20NCG,CGGAGTCGGCAAGCAGAAGACGGCATACGATCG,CGTGGAGATCGGAAGAGCGTCG,5
706,HES5,Yang2017,HES5_ESY_TCCACG20NCG,CGGAGTCGGCAAGCAGAAGACGGCATACGATCG,CGTGGAGATCGGAAGAGCGTCG,5
793,ID4,Jolma2013,ID4_ESU_CTACA14N,CGGAGTCGGCAAGCAGAAGACGGCATACGAT,TGTAGGATCGGAAGAGCGTCG,5
796,ID4,Yang2017,ID4_ESU_CTACA14N,CGGAGTCGGCAAGCAGAAGACGGCATACGAT,TGTAGGATCGGAAGAGCGTCG,5
817,MESP1,Yang2017,MESP1_ESY_TACCCG20NCG,CGGAGTCGGCAAGCAGAAGACGGCATACGATCG,CGGGTAGATCGGAAGAGCGTCG,5
829,Mlx_,Jolma2013,Mlx_EST_CCTGG14N,CGGAGTCGGCAAGCAGAAGACGGCATACGAT,CCAGGGATCGGAAGAGCGTCG,5
830,Mlx_,Yang2017,Mlx_EST_CCTGG14N,CGGAGTCGGCAAGCAGAAGACGGCATACGAT,CCAGGGATCGGAAGAGCGTCG,5
841,MLXIPL,Jolma2013,MLXIPL_ESAE_TGTAAA20NAAG,CGGAGTCGGCAAGCAGAAGACGGCATACGATCTT,TTTACAGATCGGAAGAGCGTCG,5
844,MLXIPL,Yang2017,MLXIPL_ESAE_TGTAAA20NAAG,CGGAGTCGGCAAGCAGAAGACGGCATACGATCTT,TTTACAGATCGGAAGAGCGTCG,5
868,MSC,Jolma2013,MSC_ESAA_TAGTCC20NCTT,CGGAGTCGGCAAGCAGAAGACGGCATACGATAAG,GGACTAGATCGGAAGAGCGTCG,5
874,MSC,Yang2017,MSC_ESAA_TAGTCC20NCTT,CGGAGTCGGCAAGCAGAAGACGGCATACGATAAG,GGACTAGATCGGAAGAGCGTCG,5
964,MYF6,Jolma2013,MYF6_ESAF_TGACTC20NTCA,CGGAGTCGGCAAGCAGAAGACGGCATACGATTGA,GAGTCAGATCGGAAGAGCGTCG,5
970,MYF6,Yang2017,MYF6_ESAF_TGACTC20NTCA,CGGAGTCGGCAAGCAGAAGACGGCATACGATTGA,GAGTCAGATCGGAAGAGCGTCG,5
1057,NEUROG2,Jolma2013,NEUROG2_ESZ_TCGCTG20NTCT,CGGAGTCGGCAAGCAGAAGACGGCATACGATAGA,CAGCGAGATCGGAAGAGCGTCG,5
1060,NEUROG2,Yang2017,NEUROG2_ESZ_TCGCTG20NTCT,CGGAGTCGGCAAGCAGAAGACGGCATACGATAGA,CAGCGAGATCGGAAGAGCGTCG,5
1201,NHLH1,Jolma2013,NHLH1_ESW_TGGGCG20NGA,CGGAGTCGGCAAGCAGAAGACGGCATACGATTC,CGCCCAGATCGGAAGAGCGTCG,5
1285,OLIG2,Jolma2013,OLIG2_ESY_TCTTTC20NGA,CGGAGTCGGCAAGCAGAAGACGGCATACGATTC,GAAAGAGATCGGAAGAGCGTCG,5
1288,OLIG2,Yang2017,OLIG2_ESY_TCTTTC20NGA,CGGAGTCGGCAAGCAGAAGACGGCATACGATTC,GAAAGAGATCGGAAGAGCGTCG,5
1345,TCF3,Jolma2013,TCF3_ESY_TACCCG20NCCC,CGGAGTCGGCAAGCAGAAGACGGCATACGATGGG,CGGGTAGATCGGAAGAGCGTCG,5
1348,TCF3,Yang2017,TCF3_ESY_TACCCG20NCCC,CGGAGTCGGCAAGCAGAAGACGGCATACGATGGG,CGGGTAGATCGGAAGAGCGTCG,5
1384,TCF4,Jolma2013,TCF4_ESAE_TTGCCG20NCCT,CGGAGTCGGCAAGCAGAAGACGGCATACGATAGG,CGGCAAGATCGGAAGAGCGTCG,5
1392,TCF4,Yang2017,TCF4_ESAE_TTGCCG20NCCT,CGGAGTCGGCAAGCAGAAGACGGCATACGATAGG,CGGCAAGATCGGAAGAGCGTCG,5
1748,TCF4,Jolma2013,TCF4_ESW_TGCGAA20NGA,CGGAGTCGGCAAGCAGAAGACGGCATACGATTC,TTCGCAGATCGGAAGAGCGTCG,5
1864,TFAP4,Jolma2013,TFAP4_ESAC_TCACGT20NGCA,CGGAGTCGGCAAGCAGAAGACGGCATACGATTGC,ACGTGAGATCGGAAGAGCGTCG,5
1870,TFAP4,Yang2017,TFAP4_ESAC_TCACGT20NGCA,CGGAGTCGGCAAGCAGAAGACGGCATACGATTGC,ACGTGAGATCGGAAGAGCGTCG,5
2034,TFAP4,Jolma2013,TFAP4_ESS_CATTG14N,CGGAGTCGGCAAGCAGAAGACGGCATACGAT,CAATGGATCGGAAGAGCGTCG,5
2197,TFEC,Jolma2013,TFEC_ESAF_TAGTGG20NGTT,CGGAGTCGGCAAGCAGAAGACGGCATACGATAAC,CCACTAGATCGGAAGAGCGTCG,5
2207,TFEC,Yang2017,TFEC_ESAF_TAGTGG20NGTT,CGGAGTCGGCAAGCAGAAGACGGCATACGATAAC,CCACTAGATCGGAAGAGCGTCG,5
2272,USF1,Jolma2013,USF1_ESZ_TGACGA20NGCA,CGGAGTCGGCAAGCAGAAGACGGCATACGATTGC,TCGTCAGATCGGAAGAGCGTCG,5
2285,USF1,Yang2017,USF1_ESZ_TGACGA20NGCA,CGGAGTCGGCAAGCAGAAGACGGCATACGATTGC,TCGTCAGATCGGAAGAGCGTCG,5
2344,TFE3,Yang2017,TFE3_ESQ_TACCGT20NTA,CGGAGTCGGCAAGCAGAAGACGGCATACGATTA,ACGGTAGATCGGAAGAGCGTCG,5
2350,TFE3,Jolma2013,TFE3_ESQ_TACCGT20NTA,CGGAGTCGGCAAGCAGAAGACGGCATACGATTA,ACGGTAGATCGGAAGAGCGTCG,6
2533,ARNTL,Yang2017,ARNTL_ESW_TCAAAA20NCG,CGGAGTCGGCAAGCAGAAGACGGCATACGATCG,TTTTGAGATCGGAAGAGCGTCG,5
2540,ARNTL,Jolma2013,ARNTL_ESW_TCAAAA20NCG,CGGAGTCGGCAAGCAGAAGACGGCATACGATCG,TTTTGAGATCGGAAGAGCGTCG,5
2773,Tcf21_,Jolma2013,Tcf21_ESZ_TCCGTG20NTGC,CGGAGTCGGCAAGCAGAAGACGGCATACGATGCA,CACGGAGATCGGAAGAGCGTCG,5
2776,Tcf21_,Yang2017,Tcf21_ESZ_TCCGTG20NTGC,CGGAGTCGGCAAGCAGAAGACGGCATACGATGCA,CACGGAGATCGGAAGAGCGTCG,5
2857,HEY1,Yang2017,HEY1_ESY_TGAAAC20NGA,CGGAGTCGGCAAGCAGAAGACGGCATACGATTC,GTTTCAGATCGGAAGAGCGTCG,5
2858,HEY1,Jolma2013,HEY1_ESY_TGAAAC20NGA,CGGAGTCGGCAAGCAGAAGACGGCATACGATTC,GTTTCAGATCGGAAGAGCGTCG,5
2908,SREBF2,Yang2017,SREBF2_ESY_TGAGAT20NGA,CGGAGTCGGCAAGCAGAAGACGGCATACGATTC,ATCTCAGATCGGAAGAGCGTCG,5
2914,SREBF2,Jolma2013,SREBF2_ESY_TGAGAT20NGA,CGGAGTCGGCAAGCAGAAGACGGCATACGATTC,ATCTCAGATCGGAAGAGCGTCG,5
3025,OLIG2,Jolma2013,OLIG2_ESAE_TGCGCC20NGA,CGGAGTCGGCAAGCAGAAGACGGCATACGATTC,GGCGCAGATCGGAAGAGCGTCG,5
3055,NEUROG2,Yang2017,NEUROG2_ESAE_TGGCGG20NGA,CGGAGTCGGCAAGCAGAAGACGGCATACGATTC,CCGCCAGATCGGAAGAGCGTCG,5
3057,NEUROG2,Jolma2013,NEUROG2_ESAE_TGGCGG20NGA,CGGAGTCGGCAAGCAGAAGACGGCATACGATTC,CCGCCAGATCGGAAGAGCGTCG,5
3151,BHLHE41,Yang2017,BHLHE41_ESAD_TGTGCT20NCGG,CGGAGTCGGCAAGCAGAAGACGGCATACGATCCG,AGCACAGATCGGAAGAGCGTCG,5
6118,HES5,Jolma2013,HES5_ESAI_TCGGGG30NGGT,CGGAGTCGGCAAGCAGAAGACGGCATACGATACC,CCCCGAGATCGGAAGAGCGTCG,7
6616,TFE3,Yin2017,TFE3_eDBD_KS_TGGTTA40NTAC-unmethylated,CGACGCTCTTCCGATCTGGTTA,TACATCGTATGCCGTCTTCTGCTTGCCGACTCCG,5
6637,ASCL2,Yin2017,ASCL2_FL_KAE_TTCTCC40NAGA-unmethylated,CGACGCTCTTCCGATCTTCTCC,AGAATCGTATGCCGTCTTCTGCTTGCCGACTCCG,5
6643,BHLHE23,Yin2017,BHLHE23_FL_KV_TTGCTC40NGAA-unmethylated,CGACGCTCTTCCGATCTTGCTC,GAAATCGTATGCCGTCTTCTGCTTGCCGACTCCG,5
6658,TFAP4,Yin2017,TFAP4_FL_KX_TTTGAC40NGGT-unmethylated,CGACGCTCTTCCGATCTTTGAC,GGTATCGTATGCCGTCTTCTGCTTGCCGACTCCG,5
6697,NEUROG2,Yin2017,NEUROG2_eDBD_KO_TTTGTA40NTCC-unmethylated,CGACGCTCTTCCGATCTTTGTA,TCCATCGTATGCCGTCTTCTGCTTGCCGACTCCG,5
6715,NEUROG1,Yin2017,NEUROG1_eDBD_KR_TACATA40NAGA-unmethylated,CGACGCTCTTCCGATCTACATA,AGAATCGTATGCCGTCTTCTGCTTGCCGACTCCG,5
6724,MYOG,Yin2017,MYOG_FL_KV_TACTAA40NATT-unmethylated,CGACGCTCTTCCGATCTACTAA,ATTATCGTATGCCGTCTTCTGCTTGCCGACTCCG,5
6730,MYOD1,Yin2017,MYOD1_FL_KW_TACTAA40NATT-unmethylated,CGACGCTCTTCCGATCTACTAA,ATTATCGTATGCCGTCTTCTGCTTGCCGACTCCG,5
6736,OLIG2,Yin2017,OLIG2_eDBD_KR_TACTAG40NGGA-unmethylated,CGACGCTCTTCCGATCTACTAG,GGAATCGTATGCCGTCTTCTGCTTGCCGACTCCG,5
6751,NEUROG2,Yin2017,NEUROG2_FL_KV_TATATG40NCTA-unmethylated,CGACGCTCTTCCGATCTATATG,CTAATCGTATGCCGTCTTCTGCTTGCCGACTCCG,5
6769,ATOH7,Yin2017,ATOH7_eDBD_KO_TCAAAC40NAAC-unmethylated,CGACGCTCTTCCGATCTCAAAC,AACATCGTATGCCGTCTTCTGCTTGCCGACTCCG,5
6772,ATOH1,Yin2017,ATOH1_eDBD_KO_TCAGCA40NCTC-unmethylated,CGACGCTCTTCCGATCTCAGCA,CTCATCGTATGCCGTCTTCTGCTTGCCGACTCCG,5
6778,MLX,Yin2017,MLX_eDBD_KS_TCCAAG40NAAC-unmethylated,CGACGCTCTTCCGATCTCCAAG,AACATCGTATGCCGTCTTCTGCTTGCCGACTCCG,5
6802,TFEC,Yin2017,TFEC_eDBD_KS_TCTAGG40NCTG-unmethylated,CGACGCTCTTCCGATCTCTAGG,CTGATCGTATGCCGTCTTCTGCTTGCCGACTCCG,5
6817,MAX,Yin2017,MAX_eDBD_KR_TCTAGG40NCTG-unmethylated,CGACGCTCTTCCGATCTCTAGG,CTGATCGTATGCCGTCTTCTGCTTGCCGACTCCG,5
6859,HES2,Yin2017,HES2_eDBD_KO_TCTTGG40NTTA-unmethylated,CGACGCTCTTCCGATCTCTTGG,TTAATCGTATGCCGTCTTCTGCTTGCCGACTCCG,5
6862,MESP2,Yin2017,MESP2_eDBD_KO_TGAGCT40NGCA-unmethylated,CGACGCTCTTCCGATCTGAGCT,GCAATCGTATGCCGTCTTCTGCTTGCCGACTCCG,5
6865,ARNT2,Yin2017,ARNT2_eDBD_KT_TCTGTC40NCAA-unmethylated,CGACGCTCTTCCGATCTCTGTC,CAAATCGTATGCCGTCTTCTGCTTGCCGACTCCG,5
6868,ARNTL,Yin2017,ARNTL_eDBD_KV_TCTCCG40NCGC-unmethylated,CGACGCTCTTCCGATCTCTCCG,CGCATCGTATGCCGTCTTCTGCTTGCCGACTCCG,5
6898,ASCL1,Yin2017,ASCL1_eDBD_KR_TGCGCA40NCAA-unmethylated,CGACGCTCTTCCGATCTGCGCA,CAAATCGTATGCCGTCTTCTGCTTGCCGACTCCG,5
6934,BHLHA15,Yin2017,BHLHA15_eDBD_KP_TCCCGC40NACA-unmethylated,CGACGCTCTTCCGATCTCCCGC,ACAATCGTATGCCGTCTTCTGCTTGCCGACTCCG,5
6967,BHLHE41,Yin2017,BHLHE41_eDBD_KV_TGGCGT40NCCT-unmethylated,CGACGCTCTTCCGATCTGGCGT,CCTATCGTATGCCGTCTTCTGCTTGCCGACTCCG,5
6991,FERD3L,Yin2017,FERD3L_FL_KW_TAAATT40NCTG-unmethylated,CGACGCTCTTCCGATCTAAATT,CTGATCGTATGCCGTCTTCTGCTTGCCGACTCCG,5
7003,FIGLA,Yin2017,FIGLA_eDBD_KN_TCGGGA40NGCA-unmethylated,CGACGCTCTTCCGATCTCGGGA,GCAATCGTATGCCGTCTTCTGCTTGCCGACTCCG,5
7024,HAND2,Yin2017,HAND2_eDBD_KP_TGCTCT40NTTA-unmethylated,CGACGCTCTTCCGATCTGCTCT,TTAATCGTATGCCGTCTTCTGCTTGCCGACTCCG,5
7027,HES1,Yin2017,HES1_eDBD_KV_TGCTCT40NTTA-unmethylated,CGACGCTCTTCCGATCTGCTCT,TTAATCGTATGCCGTCTTCTGCTTGCCGACTCCG,5
7060,HES5,Yin2017,HES5_eDBD_KO_TGGCTA40NTCC-unmethylated,CGACGCTCTTCCGATCTGGCTA,TCCATCGTATGCCGTCTTCTGCTTGCCGACTCCG,5
7081,HES6,Yin2017,HES6_FL_KAE_TAAGGA40NCCG-unmethylated,CGACGCTCTTCCGATCTAAGGA,CCGATCGTATGCCGTCTTCTGCTTGCCGACTCCG,5
7087,HES7,Yin2017,HES7_eDBD_KO_TGAAGC40NCTA-unmethylated,CGACGCTCTTCCGATCTGAAGC,CTAATCGTATGCCGTCTTCTGCTTGCCGACTCCG,5
7108,HEY1,Yin2017,HEY1_FL_KX_TTGCTT40NCCA-unmethylated,CGACGCTCTTCCGATCTTGCTT,CCAATCGTATGCCGTCTTCTGCTTGCCGACTCCG,5
7122,HEY2,Yin2017,HEY2_eDBD_KR_TCGAGG40NGTT-unmethylated,CGACGCTCTTCCGATCTCGAGG,GTTATCGTATGCCGTCTTCTGCTTGCCGACTCCG,5
7192,MAX,Yin2017,MAX_FL_KAE_TTCTGG40NTGC-unmethylated,CGACGCTCTTCCGATCTTCTGG,TGCATCGTATGCCGTCTTCTGCTTGCCGACTCCG,5
7288,MSGN1,Yin2017,MSGN1_eDBD_KO_TTCTTG40NTGC-unmethylated,CGACGCTCTTCCGATCTTCTTG,TGCATCGTATGCCGTCTTCTGCTTGCCGACTCCG,5
7297,MYF6,Yin2017,MYF6_eDBD_KR_TCCCGC40NACA-unmethylated,CGACGCTCTTCCGATCTCCCGC,ACAATCGTATGCCGTCTTCTGCTTGCCGACTCCG,5
7318,MYOD1,Yin2017,MYOD1_eDBD_KO_TGTCTG40NAGG-unmethylated,CGACGCTCTTCCGATCTGTCTG,AGGATCGTATGCCGTCTTCTGCTTGCCGACTCCG,5
7354,NEUROD2,Yin2017,NEUROD2_FL_KV_TAGCGC40NCGC-unmethylated,CGACGCTCTTCCGATCTAGCGC,CGCATCGTATGCCGTCTTCTGCTTGCCGACTCCG,5
7363,NHLH1,Yin2017,NHLH1_eDBD_KR_TGCAGT40NAAG-unmethylated,CGACGCTCTTCCGATCTGCAGT,AAGATCGTATGCCGTCTTCTGCTTGCCGACTCCG,5
7384,NHLH1,Yin2017,NHLH1_FL_KV_TCTCCA40NGGA-unmethylated,CGACGCTCTTCCGATCTCTCCA,GGAATCGTATGCCGTCTTCTGCTTGCCGACTCCG,5
7405,NPAS2,Yin2017,NPAS2_eDBD_KS_TGCTTT40NAGA-unmethylated,CGACGCTCTTCCGATCTGCTTT,AGAATCGTATGCCGTCTTCTGCTTGCCGACTCCG,5
7441,OLIG3,Yin2017,OLIG3_eDBD_KR_TGGAGT40NTGG-unmethylated,CGACGCTCTTCCGATCTGGAGT,TGGATCGTATGCCGTCTTCTGCTTGCCGACTCCG,5
7462,SOHLH2,Yin2017,SOHLH2_eDBD_KO_TCCACC40NTTA-unmethylated,CGACGCTCTTCCGATCTCCACC,TTAATCGTATGCCGTCTTCTGCTTGCCGACTCCG,5
7471,SREBF2,Yin2017,SREBF2_eDBD_KN_TTCATT40NTAT-unmethylated,CGACGCTCTTCCGATCTTCATT,TATATCGTATGCCGTCTTCTGCTTGCCGACTCCG,5
7528,TCF12,Yin2017,TCF12_eDBD_KS_TTTGAG40NATT-unmethylated,CGACGCTCTTCCGATCTTTGAG,ATTATCGTATGCCGTCTTCTGCTTGCCGACTCCG,5
7537,TFAP4,Yin2017,TFAP4_eDBD_KN_TGATCG40NATC-unmethylated,CGACGCTCTTCCGATCTGATCG,ATCATCGTATGCCGTCTTCTGCTTGCCGACTCCG,5
7729,TFEB,Yin2017,TFEB_eDBD_KS_TGGCTA40NTCC-unmethylated,CGACGCTCTTCCGATCTGGCTA,TCCATCGTATGCCGTCTTCTGCTTGCCGACTCCG,5
8359,Ascl2_,Jolma2013,Ascl2_ESZ_TAGGGC20NCG,CGGAGTCGGCAAGCAGAAGACGGCATACGATCG,GCCCTAGATCGGAAGAGCGTCG,5
8362,Ascl2_,Yang2017,Ascl2_ESZ_TAGGGC20NCG,CGGAGTCGGCAAGCAGAAGACGGCATACGATCG,GCCCTAGATCGGAAGAGCGTCG,5
8734,MLX,Jolma2013,MLX_ESS_CATAT14N,CGGAGTCGGCAAGCAGAAGACGGCATACGAT,ATATGGATCGGAAGAGCGTCG,5
8740,MLX,Yang2017,MLX_ESS_CATAT14N,CGGAGTCGGCAAGCAGAAGACGGCATACGAT,ATATGGATCGGAAGAGCGTCG,5
8926,HES7,Jolma2013,HES7_ESU_AATTC14N,CGGAGTCGGCAAGCAGAAGACGGCATACGAT,GAATTGATCGGAAGAGCGTCG,5
9022,HEY2,Jolma2013,HEY2_ESAF_TCTCAA20NGA,CGGAGTCGGCAAGCAGAAGACGGCATACGATTC,TTGAGAGATCGGAAGAGCGTCG,5
9028,HEY2,Yang2017,HEY2_ESAF_TCTCAA20NGA,CGGAGTCGGCAAGCAGAAGACGGCATACGATTC,TTGAGAGATCGGAAGAGCGTCG,5
9166,HEY2,Jolma2013,HEY2_ESY_TCGATC20NGA,CGGAGTCGGCAAGCAGAAGACGGCATACGATTC,GATCGAGATCGGAAGAGCGTCG,5
9286,MAX,Jolma2013,MAX_ESY_TGACCT20NGA,CGGAGTCGGCAAGCAGAAGACGGCATACGATTC,AGGTCAGATCGGAAGAGCGTCG,5
9292,MAX,Yang2017,MAX_ESY_TGACCT20NGA,CGGAGTCGGCAAGCAGAAGACGGCATACGATTC,AGGTCAGATCGGAAGAGCGTCG,5
10291,NHLH1,Jolma2013,NHLH1_ESW_TGATGG20NGTA,CGGAGTCGGCAAGCAGAAGACGGCATACGATTAC,CCATCAGATCGGAAGAGCGTCG,5
10294,NHLH1,Yang2017,NHLH1_ESW_TGATGG20NGTA,CGGAGTCGGCAAGCAGAAGACGGCATACGATTAC,CCATCAGATCGGAAGAGCGTCG,5
10468,OLIG3,Jolma2013,OLIG3_ESY_TGTCCG20NGA,CGGAGTCGGCAAGCAGAAGACGGCATACGATTC,CGGACAGATCGGAAGAGCGTCG,5
10474,OLIG3,Yang2017,OLIG3_ESY_TGTCCG20NGA,CGGAGTCGGCAAGCAGAAGACGGCATACGATTC,CGGACAGATCGGAAGAGCGTCG,5
10561,Srebf1_,Jolma2013,Srebf1_ESZ_TACATT20NCG,CGGAGTCGGCAAGCAGAAGACGGCATACGATCG,AATGTAGATCGGAAGAGCGTCG,5
10564,Srebf1_,Yang2017,Srebf1_ESZ_TACATT20NCG,CGGAGTCGGCAAGCAGAAGACGGCATACGATCG,AATGTAGATCGGAAGAGCGTCG,5
11821,TFEB,Yang2017,TFEB_ESW_TAGTTT20NCG,CGGAGTCGGCAAGCAGAAGACGGCATACGATCG,AAACTAGATCGGAAGAGCGTCG,5
11827,TFEB,Jolma2013,TFEB_ESW_TAGTTT20NCG,CGGAGTCGGCAAGCAGAAGACGGCATACGATCG,AAACTAGATCGGAAGAGCGTCG,5
12040,FIGLA,Jolma2013,FIGLA_ESU_AGATA14N,CGGAGTCGGCAAGCAGAAGACGGCATACGAT,TATCTGATCGGAAGAGCGTCG,5
12625,OLIG1,Jolma2013,OLIG1_ESZ_TGCCTG20NTCC,CGGAGTCGGCAAGCAGAAGACGGCATACGATGGA,CAGGCAGATCGGAAGAGCGTCG,5
12628,OLIG1,Yang2017,OLIG1_ESZ_TGCCTG20NTCC,CGGAGTCGGCAAGCAGAAGACGGCATACGATGGA,CAGGCAGATCGGAAGAGCGTCG,5
17323,OLIG3,Yin2017,OLIG3_FL_KX_TTCGTC40NCGT-unmethylated,CGACGCTCTTCCGATCTTCGTC,CGTATCGTATGCCGTCTTCTGCTTGCCGACTCCG,5
17350,CLOCK,Yin2017,CLOCK_eDBD_KN_TTGAAT40NTAC-unmethylated,CGACGCTCTTCCGATCTTGAAT,TACATCGTATGCCGTCTTCTGCTTGCCGACTCCG,5
17383,HEY1,Yin2017,HEY1_eDBD_KQ_TTGACT40NAGT-unmethylated,CGACGCTCTTCCGATCTTGACT,AGTATCGTATGCCGTCTTCTGCTTGCCGACTCCG,5
17410,MSC,Yin2017,MSC_FL_KV_TACTTA40NCTA-unmethylated,CGACGCTCTTCCGATCTACTTA,CTAATCGTATGCCGTCTTCTGCTTGCCGACTCCG,5
17434,MSC,Yin2017,MSC_eDBD_KR_TACTTA40NCTA-unmethylated,CGACGCTCTTCCGATCTACTTA,CTAATCGTATGCCGTCTTCTGCTTGCCGACTCCG,5
17542,ASCL2,Yin2017,ASCL2_eDBD_KO_TAACTC40NGTC-unmethylated,CGACGCTCTTCCGATCTAACTC,GTCATCGTATGCCGTCTTCTGCTTGCCGACTCCG,5
17626,BHLHE22,Yin2017,BHLHE22_eDBD_KP_TCGGAC40NCCA-unmethylated,CGACGCTCTTCCGATCTCGGAC,CCAATCGTATGCCGTCTTCTGCTTGCCGACTCCG,5
17809,HEY2,Yin2017,HEY2_FL_KX_TGCCAA40NTAG-unmethylated,CGACGCTCTTCCGATCTGCCAA,TAGATCGTATGCCGTCTTCTGCTTGCCGACTCCG,5
18067,MYOG,Yin2017,MYOG_eDBD_KR_TCGCCG40NTGC-unmethylated,CGACGCTCTTCCGATCTCGCCG,TGCATCGTATGCCGTCTTCTGCTTGCCGACTCCG,5
18079,NEUROD1,Yin2017,NEUROD1_FL_KX_TTGTAC40NGTA-unmethylated,CGACGCTCTTCCGATCTTGTAC,GTAATCGTATGCCGTCTTCTGCTTGCCGACTCCG,5
18091,NEUROG1,Yin2017,NEUROG1_FL_KAE_TTGCCA40NGTG-unmethylated,CGACGCTCTTCCGATCTTGCCA,GTGATCGTATGCCGTCTTCTGCTTGCCGACTCCG,5
18199,NHLH2,Yin2017,NHLH2_FL_KW_TTAGTA40NCTC-unmethylated,CGACGCTCTTCCGATCTTAGTA,CTCATCGTATGCCGTCTTCTGCTTGCCGACTCCG,5
18274,PTF1A,Yin2017,PTF1A_eDBD_KO_TGCTTT40NAGA-unmethylated,CGACGCTCTTCCGATCTGCTTT,AGAATCGTATGCCGTCTTCTGCTTGCCGACTCCG,5
18289,TCF21,Yin2017,TCF21_eDBD_KR_TAAGGG40NACC-unmethylated,CGACGCTCTTCCGATCTAAGGG,ACCATCGTATGCCGTCTTCTGCTTGCCGACTCCG,5
18298,TCF4,Yin2017,TCF4_eDBD_KR_TGTATA40NGGT-unmethylated,CGACGCTCTTCCGATCTGTATA,GGTATCGTATGCCGTCTTCTGCTTGCCGACTCCG,5
18418,USF1,Yin2017,USF1_FL_KV_TGCCGA40NGTA-unmethylated,CGACGCTCTTCCGATCTGCCGA,GTAATCGTATGCCGTCTTCTGCTTGCCGACTCCG,5
18433,USF2,Yin2017,USF2_eDBD_KS_TACTAC40NGCC-unmethylated,CGACGCTCTTCCGATCTACTAC,GCCATCGTATGCCGTCTTCTGCTTGCCGACTCCG,5
18817,BHLHE22,Yang2017,BHLHE22_ESY_TCTTGA20NGTG,CGGAGTCGGCAAGCAGAAGACGGCATACGATCAC,TCAAGAGATCGGAAGAGCGTCG,5
18823,BHLHE22,Jolma2013,BHLHE22_ESY_TCTTGA20NGTG,CGGAGTCGGCAAGCAGAAGACGGCATACGATCAC,TCAAGAGATCGGAAGAGCGTCG,5
20401,MNT,Jolma2013,MNT_ESY_TCTTCT20NGA,CGGAGTCGGCAAGCAGAAGACGGCATACGATTC,AGAAGAGATCGGAAGAGCGTCG,5
20404,MNT,Yang2017,MNT_ESY_TCTTCT20NGA,CGGAGTCGGCAAGCAGAAGACGGCATACGATTC,AGAAGAGATCGGAAGAGCGTCG,5
27277,MLX,Yin2017,MLX_FL_KW_TGCCAA40NTAG-unmethylated,CGACGCTCTTCCGATCTGCCAA,TAGATCGTATGCCGTCTTCTGCTTGCCGACTCCG,5
28123,SREBF1,Yin2017,SREBF1_eDBD_KT_TCTCCT40NCCT-unmethylated,CGACGCTCTTCCGATCTCTCCT,CCTATCGTATGCCGTCTTCTGCTTGCCGACTCCG,5
