Entry	Gene Names	Sequence
A0A0S2Z383	NKX2-5	MFPSPALTPTPFSVKDILNLEQQQRSLAAAGELSARLEATLAPSSCMLAAFKPEAYAGPEAAAPGLPELRAELGRAPSPAKCASAFPAAPAFYPRAYSDPDPAKDPRAEKKELCALQKAVELEKTEADNAERPRARRRRKPRVLFSQAQVYELERRFKQQRYLSAPERDQLASVLKLTSTQVKIWFQNRRYKCKRQRQDQTLELVGLPPPPPPPARRIAVPVLVRDGKPCLGDSAPYAPAYGVGLNPYGYNAYPAYPGYGGAACSPGYSCTAAYPAGPSPAQPATAAANNNFVNFGVGDLNAVQSPGIPQSNSGVSTLHGIRAW
A6NCS4	NKX2-6 NKX2F	MLLSPVTSTPFSVKDILRLERERSCPAASPHPRVRKSPENFQYLRMDAEPRGSEVHNAGGGGGDRKLDGSEPPGGPCEAVLEMDAERMGEPQPGLNAASPLGGGTRVPERGVGNSGDSVRGGRSEQPKARQRRKPRVLFSQAQVLALERRFKQQRYLSAPEREHLASALQLTSTQVKIWFQNRRYKCKRQRQDKSLELAGHPLTPRRVAVPVLVRDGKPCLGPGPGAPAFPSPYSAAVSPYSCYGGYSGAPYGAGYGTCYAGAPSGPAPHTPLASAGFGHGGQNATPQGHLAATLQGVRAW
O15266	SHOX PHOG	MEELTAFVSKSFDQKSKDGNGGGGGGGGKKDSITYREVLESGLARSRELGTSDSSLQDITEGGGHCPVHLFKDHVDNDKEKLKEFGTARVAEGIYECKEKREDVKSEDEDGQTKLKQRRSRTNFTLEQLNELERLFDETHYPDAFMREELSQRLGLSEARVQVWFQNRRAKCRKQENQMHKGVILGTANHLDACRVAPYVNMGALRMPFQQVQAQLQLEGVAHAHPHLHPHLAAHAPYLMFPPPPFGLPIASLAESASAAAVVAAAAKSNSKNSSIADLRLKARKHAEALGL
O43186	CRX CORD2	MMAYMNPGPHYSVNALALSGPSVDLMHQAVPYPSAPRKQRRERTTFTRSQLEELEALFAKTQYPDVYAREEVALKINLPESRVQVWFKNRRAKCRQQRQQQKQQQQPPGGQAKARPAKRKAGTSPRPSTDVCPDPLGISDSYSPPLPGPSGSPTTAVATVSIWSPASESPLPEAQRAGLVASGPSLTSAPYAMTYAPASAFCSSPSAYGSPSSYFSGLDPYLSPMVPQLGGPALSPLSGPSVGPSLAQSPTSLSGQSYGAYSPVDSLEFKDPTGTWKFTYNPMDPLDYKDQSAWKFQIL
O43316	PAX4	MHQDGISSMNQLGGLFVNGRPLPLDTRQQIVRLAVSGMRPCDISRILKVSNGCVSKILGRYYRTGVLEPKGIGGSKPRLATPPVVARIAQLKGECPALFAWEIQRQLCAEGLCTQDKTPSVSSINRVLRALQEDQGLPCTRLRSPAVLAPAVLTPHSGSETPRGTHPGTGHRNRTIFSPSQAEALEKEFQRGQYPDSVARGKLATATSLPEDTVRVWFSNRRAKWRRQEKLKWEMQLPGASQGLTVPRVAPGIISAQQSPGSVPTAALPALEPLGPSCYQLCWATAPERCLSDTPPKACLKPCWDCGSFLLPVIAPSCVDVAWPCLDASLAHHLIGGAGKATPTHFSHWP
O43364	HOXA2 HOX1K	MNYEFEREIGFINSQPSLAECLTSFPPVADTFQSSSIKTSTLSHSTLIPPPFEQTIPSLNPGSHPRHGAGGRPKPSPAGSRGSPVPAGALQPPEYPWMKEKKAAKKTALLPAAAAAATAAATGPACLSHKESLEIADGSGGGSRRLRTAYTNTQLLELEKEFHFNKYLCRPRRVEIAALLDLTERQVKVWFQNRRMKHKRQTQCKENQNSEGKCKSLEDSEKVEEDEEEKTLFEQALSVSGALLEREGYTFQQNALSQQQAPNGHNGDSQSFPVSPLTSNEKNLKHFQHQSPTVPNCLSTMGQNCGAGLNNDSPEALEVPSLQDFSVFSTDSCLQLSDAVSPSLPGSLDSPVDISADSLDFFTDTLTTIDLQHLNY
O75360	PROP1	MEAERRRQAEKPKKGRVGSNLLPERHPATGTPTTTVDSSAPPCRRLPGAGGGRSRFSPQGGQRGRPHSRRRHRTTFSPVQLEQLESAFGRNQYPDIWARESLARDTGLSEARIQVWFQNRRAKQRKQERSLLQPLAHLSPAAFSSFLPESTACPYSYAAPPPPVTCFPHPYSHALPSQPSTGGAFALSHQSEDWYPTLHPAPAGHLPCPPPPPMLPLSLEPSKSWN
O95231	VENTX HPX42B VENTX2	MRLSSSPPRGPQQLSSFGSVDWLSQSSCSGPTHTPRPADFSLGSLPGPGQTSGAREPPQAVSIKEAAGSSNLPAPERTMAGLSKEPNTLRAPRVRTAFTMEQVRTLEGVFQHHQYLSPLERKRLAREMQLSEVQIKTWFQNRRMKHKRQMQDPQLHSPFSGSLHAPPAFYSTSSGLANGLQLLCPWAPLSGPQALMLPPGSFWGLCQVAQEALASAGASCCGQPLASHPPTPGRPSLGPALSTGPRGLCAMPQTGDAF
O95475	SIX6 OPTX2 SIX9	MFQLPILNFSPQQVAGVCETLEESGDVERLGRFLWSLPVAPAACEALNKNESVLRARAIVAFHGGNYRELYHILENHKFTKESHAKLQALWLEAHYQEAEKLRGRPLGPVDKYRVRKKFPLPRTIWDGEQKTHCFKERTRHLLREWYLQDPYPNPSKKRELAQATGLTPTQVGNWFKNRRQRDRAAAAKNRLQQQVLSQGSGRALRAEGDGTPEVLGVATSPAASLSSKAATSAISITSSDSECDI
P17482	HOXB9 HOX2E	MSISGTLSSYYVDSIISHESEDAPPAKFPSGQYASSRQPGHAEHLEFPSCSFQPKAPVFGASWAPLSPHASGSLPSVYHPYIQPQGVPPAESRYLRTWLEPAPRGEAAPGQGQAAVKAEPLLGAPGELLKQGTPEYSLETSAGREAVLSNQRPGYGDNKICEGSEDKERPDQTNPSANWLHARSSRKKRCPYTKYQTLELEKEFLFNMYLTRDRRHEVARLLNLSERQVKIWFQNRRMKMKKMNKEQGKE
P17483	HOXB4 HOX2F	MAMSSFLINSNYVDPKFPPCEEYSQSDYLPSDHSPGYYAGGQRRESSFQPEAGFGRRAACTVQRYAACRDPGPPPPPPPPPPPPPPPGLSPRAPAPPPAGALLPEPGQRCEAVSSSPPPPPCAQNPLHPSPSHSACKEPVVYPWMRKVHVSTVNPNYAGGEPKRSRTAYTRQQVLELEKEFHYNRYLTRRRRVEIAHALCLSERQIKIWFQNRRMKWKKDHKLPNTKIRSGGAAGSAGGPPGRPNGGPRAL
P17509	HOXB6 HOX2B	MSSYFVNSTFPVTLASGQESFLGQLPLYSSGYADPLRHYPAPYGPGPGQDKGFATSSYYPPAGGGYGRAAPCDYGPAPAFYREKESACALSGADEQPPFHPEPRKSDCAQDKSVFGETEEQKCSTPVYPWMQRMNSCNSSSFGPSGRRGRQTYTRYQTLELEKEFHYNRYLTRRRRIEIAHALCLTERQIKIWFQNRRMKWKKESKLLSASQLSAEEEEEKQAE
P31268	HOXA7 HOX1A	MSSSYYVNALFSKYTAGASLFQNAEPTSCSFAPNSQRSGYGAGAGAFASTVPGLYNVNSPLYQSPFASGYGLGADAYGNLPCASYDQNIPGLCSDLAKGACDKTDEGALHGAAEANFRIYPWMRSSGPDRKRGRQTYTRYQTLELEKEFHFNRYLTRRRRIEIAHALCLTERQIKIWFQNRRMKWKKEHKDEGPTAAAAPEGAVPSAAATAAADKADEEDDDEEEEDEEE
P31274	HOXC9 HOX3B	MSATGPISNYYVDSLISHDNEDLLASRFPATGAHPAAARPSGLVPDCSDFPSCSFAPKPAVFSTSWAPVPSQSSVVYHPYGPQPHLGADTRYMRTWLEPLSGAVSFPSFPAGGRHYALKPDAYPGRRADCGPGEGRSYPDYMYGSPGELRDRAPQTLPSPEADALAGSKHKEEKADLDPSNPVANWIHARSTRKKRCPYTKYQTLELEKEFLFNMYLTRDRRYEVARVLNLTERQVKIWFQNRRMKMKKMNKEKTDKEQS
P35453	HOXD13 HOX4I	MSRAGSWDMDGLRADGGGAGGAPASSSSSSVAAAAASGQCRGFLSAPVFAGTHSGRAAAAAAAAAAAAAAASGFAYPGTSERTGSSSSSSSSAVVAARPEAPPAKECPAPTPAAAAAAPPSAPALGYGYHFGNGYYSCRMSHGVGLQQNALKSSPHASLGGFPVEKYMDVSGLASSSVPANEVPARAKEVSFYQGYTSPYQHVPGYIDMVSTFGSGEPRHEAYISMEGYQSWTLANGWNSQVYCTKDQPQGSHFWKSSFPGDVALNQPDMCVYRRGRKKRVPYTKLQLKELENEYAINKFINKDKRRRISAATNLSERQVTIWFQNRRVKDKKIVSKLKDTVS
P35548	MSX2 HOX8	MASPSKGNDLFSPDEEGPAVVAGPGPGPGGAEGAAEERRVKVSSLPFSVEALMSDKKPPKEASPLPAESASAGATLRPLLLSGHGAREAHSPGPLVKPFETASVKSENSEDGAAWMQEPGRYSPPPRHMSPTTCTLRKHKTNRKPRTPFTTSQLLALERKFRQKQYLSIAERAEFSSSLNLTETQVKIWFQNRRAKAKRLQEAELEKLKMAAKPMLPSSFSLPFPISSPLQAASIYGASYPFHRPVLPIPPVGLYATPVGYGMYHLS
P52952	NKX2-5 CSX NKX2.5 NKX2E	MFPSPALTPTPFSVKDILNLEQQQRSLAAAGELSARLEATLAPSSCMLAAFKPEAYAGPEAAAPGLPELRAELGRAPSPAKCASAFPAAPAFYPRAYSDPDPAKDPRAEKKELCALQKAVELEKTEADNAERPRARRRRKPRVLFSQAQVYELERRFKQQRYLSAPERDQLASVLKLTSTQVKIWFQNRRYKCKRQRQDQTLELVGLPPPPPPPARRIAVPVLVRDGKPCLGDSAPYAPAYGVGLNPYGYNAYPAYPGYGGAACSPGYSCTAAYPAGPSPAQPATAAANNNFVNFGVGDLNAVQSPGIPQSNSGVSTLHGIRAW
P54821	PRRX1 PMX1	MTSSYGHVLERQPALGGRLDSPGNLDTLQAKKNFSVSHLLDLEEAGDMVAAQADENVGEAGRSLLESPGLTSGSDTPQQDNDQLNSEEKKKRKQRRNRTTFNSSQLQALERVFERTHYPDAFVREDLARRVNLTEARVQVWFQNRRAKFRRNERAMLANKNASLLKSYSGDVTAVEQPIVPRPAPRPTDYLSWGTASPYSAMATYSATCANNSPAQGINMANSIANLRLKAKEYSLQRNQVPTVN
P78367	NKX3-2 BAPX1 NKX3B	MAVRGANTLTSFSIQAILNKKEERGGLAAPEGRPAPGGTAASVAAAPAVCCWRLFGERDAGALGGAEDSLLASPAGTRTAAGRTAESPEGWDSDSALSEENESRRRCADARGASGAGLAGGSLSLGQPVCELAASKDLEEEAAGRSDSEMSASVSGDRSPRTEDDGVGPRGAHVSALCSGAGGGGGSGPAGVAEEEEEPAAPKPRKKRSRAAFSHAQVFELERRFNHQRYLSGPERADLAASLKLTETQVKIWFQNRRYKTKRRQMAADLLASAPAAKKVAVKVLVRDDQRQYLPGEVLRPPSLLPLQPSYYYPYYCLPGWALSTCAAAAGTQ
Q00056	HOXA4 HOX1D	MTMSSFLINSNYIEPKFPPFEEYAQHSGSGGADGGPGGGPGYQQPPAPPTQHLPLQQPQLPHAGGGREPTASYYAPRTAREPAYPAAALYPAHGAADTAYPYGYRGGASPGRPPQPEQPPAQAKGPAHGLHASHVLQPQLPPPLQPRAVPPAAPRRCEAAPATPGVPAGGSAPACPLLLADKSPLGLKGKEPVVYPWMKKIHVSAVNPSYNGGEPKRSRTAYTRQQVLELEKEFHFNRYLTRRRRIEIAHTLCLSERQVKIWFQNRRMKWKKDHKLPNTKMRSSNSASASAGPPGKAQTQSPHLHPHPHPSTSTPVPSSI
Q15699	ALX1 CART1	MEFLSEKFALKSPPSKNSDFYMGAGGPLEHVMETLDNESFYSKASAGKCVQAFGPLPRAEHHVRLERTSPCQDSSVNYGITKVEGQPLHTELNRAMDNCNSLRMSPVKGMQEKGELDELGDKCDSNVSSSKKRRHRTTFTSLQLEELEKVFQKTHYPDVYVREQLALRTELTEARVQVWFQNRRAKWRKRERYGQIQQAKSHFAATYDISVLPRTDSYPQIQNNLWAGNASGGSVVTSCMLPRDTSSCMTPYSHSPRTDSSYTGFSNHQNQFSHVPLNNFFTDSLLTGATNGHAFETKPEFERRSSSIAVLRMKAKEHTANISWAM
Q5SQQ9	VAX1	MFGKPDKMDVRCHSDAEAARVSKNAHKESRESKGAEGNLPAAFLKEPQGAFSASGAAEDCNKSKSNSAADPDYCRRILVRDAKGSIREIILPKGLDLDRPKRTRTSFTAEQLYRLEMEFQRCQYVVGRERTELARQLNLSETQVKVWFQNRRTKQKKDQGKDSELRSVVSETAATCSVLRLLEQGRLLSPPGLPALLPPCATGALGSALRGPSLPALGAGAAAGSAAAAAAAAPGPAGAASPHPPAVGGAPGPGPAGPGGLHAGAPAAGHSLFSLPVPSLLGSVASRLSSAPLTMAGSLAGNLQELSARYLSSSAFEPYSRTNNKEGAEKKALD
Q96QS3	ARX	MSNQYQEEGCSERPECKSKSPTLLSSYCIDSILGRRSPCKMRLLGAAQSLPAPLTSRADPEKAVQGSPKSSSAPFEAELHLPPKLRRLYGPGGGRLLQGAAAAAAAAAAAAAAAATATAGPRGEAPPPPPPTARPGERPDGAGAAAAAAAAAAAAWDTLKISQAPQVSISRSKSYRENGAPFVPPPPALDELGGPGGVTHPEERLGVAGGPGSAPAAGGGTGTEDDEEELLEDEEDEDEEEELLEDDEEELLEDDARALLKEPRRCPVAATGAVAAAAAAAVATEGGELSPKEELLLHPEDAEGKDGEDSVCLSAGSDSEEGLLKRKQRRYRTTFTSYQLEELERAFQKTHYPDVFTREELAMRLDLTEARVQVWFQNRRAKWRKREKAGAQTHPPGLPFPGPLSATHPLSPYLDASPFPPHHPALDSAWTAAAAAAAAAFPSLPPPPGSASLPPSGAPLGLSTFLGAAVFRHPAFISPAFGRLFSTMAPLTSASTAAALLRQPTPAVEGAVASGALADPATAAADRRASSIAALRLKAKEHAAQLTQLNILPGTSTGKEVC
Q99697	PITX2 ARP1 RGS RIEG RIEG1	METNCRKLVSACVQLGVQPAAVECLFSKDSEIKKVEFTDSPESRKEAASSKFFPRQHPGANEKDKSQQGKNEDVGAEDPSKKKRQRRQRTHFTSQQLQELEATFQRNRYPDMSTREEIAVWTNLTEARVRVWFKNRRAKWRKRERNQQAELCKNGFGPQFNGLMQPYDDMYPGYSYNNWAAKGLTSASLSTKSFPFFNSMNVNPLSSQSMFSPPNSISSMSMSSSMVPSAVTGVPGSSLNSLNNLNNLSSPSLNSAVPTPACPYAPPTPPYVYRDTCNSSLASLRLKAKQHSSFGYASVQNPASNLSACQYAVDRPV
Q9BYU1	PBX4	MAAPPRPAPSPPAPRRLDTSDVLQQIMAITDQSLDEAQARKHALNCHRMKPALFSVLCEIKEKTVVSIRGIQDEDPPDAQLLRLDNMLLAEGVCRPEKRGRGGAVARAGTATPGGCPNDNSIEHSDYRAKLSQIRQIYHSELEKYEQACREFTTHVTNLLQEQSRMRPVSPKEIERMVGAIHGKFSAIQMQLKQSTCEAVMTLRSRLLDARRKRRNFSKQATEVLNEYFYSHLNNPYPSEEAKEELARKGGLTISQVSNWFGNKRIRYKKNMGKFQEEATIYTGKTAVDTTEVGVPGNHASCLSTPSSGSSGPFPLPSAGDAFLTLRTLASLQPPPGGGCLQSQAQGSWQGATPQPATASPAGDPGSINSSTSN
Q9H161	ALX4 KIAA1788	MNAETCVSYCESPAAAMDAYYSPVSQSREGSSPFRAFPGGDKFGTTFLSAAAKAQGFGDAKSRARYGAGQQDLATPLESGAGARGSFNKFQPQPSTPQPQPPPQPQPQQQQPQPQPPAQPHLYLQRGACKTPPDGSLKLQEGSSGHSAALQVPCYAKESSLGEPELPPDSDTVGMDSSYLSVKEAGVKGPQDRASSDLPSPLEKADSESNKGKKRRNRTTFTSYQLEELEKVFQKTHYPDVYAREQLAMRTDLTEARVQVWFQNRRAKWRKRERFGQMQQVRTHFSTAYELPLLTRAENYAQIQNPSWLGNNGAASPVPACVVPCDPVPACMSPHAHPPGSGASSVTDFLSVSGAGSHVGQTHMGSLFGAASLSPGLNGYELNGEPDRKTSSIAALRMKAKEHSAAISWAT
Q9NYD6	HOXC10 HOX3I	MTCPRNVTPNSYAEPLAAPGGGERYSRSAGMYMQSGSDFNCGVMRGCGLAPSLSKRDEGSSPSLALNTYPSYLSQLDSWGDPKAAYRLEQPVGRPLSSCSYPPSVKEENVCCMYSAEKRAKSGPEAALYSHPLPESCLGEHEVPVPSYYRASPSYSALDKTPHCSGANDFEAPFEQRASLNPRAEHLESPQLGGKVSFPETPKSDSQTPSPNEIKTEQSLAGPKGSPSESEKERAKAADSSPDTSDNEAKEEIKAENTTGNWLTAKSGRKKRCPYTKHQTLELEKEFLFNMYLTRERRLEISKTINLTDRQVKIWFQNRRMKLKKMNRENRIRELTSNFNFT
Q9UBX0	HESX1 HANF	MSPSLQEGAQLGENKPSTCSFSIERILGLDQKKDCVPLMKPHRPWADTCSSSGKDGNLCLHVPNPPSGISFPSVVDHPMPEERASKYENYFSASERLSLKRELSWYRGRRPRTAFTQNQIEVLENVFRVNCYPGIDIREDLAQKLNLEEDRIQIWFQNRRAKLKRSHRESQFLMAKKNFNTNLLE
O95076	ALX3	MDPEHCAPFRVGPAPGPYVASGDEPPGPQGTPAAAPHLHPAPPRGPRLTRFPACGPLEPYLPEPAKPPAKYLQDLGPGPALNGGHFYEGPAEAEEKTSKAASFPQLPLDCRGGPRDGPSNLQGSPGPCLASLHLPLSPGLPDSMELAKNKSKKRRNRTTFSTFQLEELEKVFQKTHYPDVYAREQLALRTDLTEARVQVWFQNRRAKWRKRERYGKIQEGRNPFTAAYDISVLPRTDSHPQLQNSLWASPGSGSPGGPCLVSPEGIPSPCMSPYSHPHGSVAGFMGVPAPSAAHPGIYSIHGFPPTLGGHSFEPSSDGDYKSPSLVSLRVKPKEPPGLLNWTT
Q2M1V0	ISX RAXLX	MCAEVGPALCRGMERNSLGCCEAPKKLSLSFSIEAILKRPARRSDMDRPEGPGEEGPGEAAASGSGLEKPPKDQPQEGRKSKRRVRTTFTTEQLHELEKIFHFTHYPDVHIRSQLAARINLPEARVQIWFQNQRAKWRKQEKIGNLGAPQQLSEASVALPTNLDVAGPTWTSTALRRLAPPTSCCPSAQDQLASAWFPAWITLLPAHPWETQPVPGLPIHQTCIPVLCILPPPHPKWGSICATST
D6RFI4	PITX2	METNCRKLVSACVQLGVQPAAVECLFSKDSEIKKVEFTDSPESRKEAASSKFFPRQHPGANEKDKSQQGKNEDVGAEDPSKKKRQRRQRTHFTSQQLQELEATFQRNRYPDMSTREEIAVWTNLTEARVRVWFKNRRAKWRKRERNQQAELCKNGFGPQFNGLMQPYDDMYPGYSYNNWAAKGLTSASLSTKSFPFFNSMNVNPLSSQSMFSPPNSISSMSMSSSMVPSAVTGVPGSSLNSLNNLNNLSSPSLNSAVPTPACPYAPPTPPYVYRDTCNSSLASLRLKAKQ
Q53XI4	HOXC10 hCG_23354	MTCPRNVTPNSYAEPLAAPGGGERYSRSAGMYMQSGSDFNCGVMRGCGLAPSLSKRDEGSSPSLALNTYPSYLSQLDSWGDPKAAYRLEQPVGRPLSSCSYPPSVKEENVCCMYSAEKRAKSGPEAALYSHPLPESCLGEHEVPVPSYYRASPSYSALDKTPHCSGANDFEAPFEQRASLNPRAEHLESPQLGGKVSFPETPKSDSQTPSPNEIKTEQSLAGPKGSPSESEKERAKAADSSPDTSDNEAKEEIKAENTTGNWLTAKSGRKKRCPYTKHQTLELEKEFLFNMYLTRERRLEISKTINLTDRQVKIWFQNRRMKLKKMNRENRIRELTSNFNFT
Q9H2Z4	NKX2-4 NKX2D	MSLSPKHTTPFSVSDILSPIEETYKKFSGAMDGAPPGLGAPLGAAAAYRAPPPGPSSQAATVAGMQPSHAMAGHNAAAAAAAAAAAAAAAATYHMPPGVSQFPHGAMGSYCNGGLGNMGELPAYTDGMRGGAATGWYGANPDPRYSSISRFMGPSAGVNVAGMGSLTGIADAAKSLGPLHAAAAAAAPRRKRRVLFSQAQVYELERRFKQQKYLSAPEREHLASMIHLTPTQVKIWFQNHRYKMKRQAKDKAAQQLQQEGGLGPPPPPPPSPRRVAVPVLVKDGKPCQNGASTPTPGQAGPQPPAPTPAPELEELSPSPPALHGPGGGLAALDAAAGEYSGGVLGANLLYGRTW
A0A0G2JQ02	PROP1 hCG_40268	MEAERRRQAEKPKKGRVGSSLLPERHPATGTPTTTVDSSAPPCRRLPGAGGGRSRFSPQGGQRGRPHSRRRHRTTFSPVQLEQLESAFGRNQYPDIWARESLARDTGLSEARIQVWFQNRRAKQRKQERSLLQPLAHLSPAAFSSFLPESTACPYSYAAPPPPVTCFPHPYSHALPSQPSTGGAFALSHQSEDWYPTLHPAPAGHLPCPPPPPMLPLSLEPSKSWN
A0A0G2JRP7	PROP1	VWFQNRRAKQRKQERSLLQPLAHLSPAAFSSFLPESTACPYSYAAPPPPVTCFPHPYSHALPSQPSTGGAFALSHQSEDWYPTLHPAPAGHLPCPPPPPMLPLSLEPSKSWN
A0A1W2PPX4	PAX4	MHQDGISSMNQLGGLFVNGRPLPLDTRQQIVRLAVSGMRPCDISRILKVSNGCVSKILGRYYRTGVLEPKGIGGSKPRLATPPVVARIAQLKGECPALFAWEIQRQLCAEGLCTQDKTPSVSSINRVLRALQEDQGLPCTRLRSPAVLAPAVLTPHSGSETPRGTHPGTGHRNRTIFSPSQAEALEKEFQRGQYPDSVARGKLATATSLPEDTVRVWFSNRRAKWRRQEKLKWEMQLPGASQGLTVPRVAPGIISAQQSPGSVPTAALPALEPLGPSCYQLCWATAPERCLSDTPPKACLKPCWGHLPPQPNSLDSGLLCLPCPSSHCHLASLSGSQALLWPGCPLLYGLE
A0A2R4LFC5	NKX2.5	LCALQKAVELEKTEADNAERPRARRRRKPRVLFSQAQVYELERRFKQQRYLSAPERDQLASVLKLTSTQVKIWFQNRRYKCKRQRQDQTLELVGLPPPPPPPARRIAVPVLVRDGKPCLGDSAPYAPAYGVGLNPS
A0A2R4LFK0	NKX2.5	LCALHKAVELEKTEADNAERPRARRRRKPRVLFSQAQVYELERRFKQQRYLSAPERDQLASVLKLTSTQVKIWFQNRRYKCKRQRQDQTLELVGLPPPPPPPARRIAVPVLVRDGKPCLGDSAPYAPAYGVGLNP
A0A2R4LG35	NKX2.5	LCALQKAVELEKTEADNAERPRARRRRKPRVLFSQAQVYELERRFKQQRYLSAPERDQLASVLKLTSTQVKIWFQNRRYKCKRQRQDQTLELVGLPPPPPPPARRIAVPVLVRDGKPCLGDSAPYAPAYGVGLNP
A0A8J9C2I7	PITX2	MASVLAPGQPRSLDSSKHRLEVHTISDTSSPEAAEKDKSQQGKNEDVGAEDPSKKKRQRRQRTHFTSQQLQELEATFQRNRYPDMSTREEIAVWTNLTEARVRVWFKNRRAKWRKRERNQQAELCKNGFGPQFNGLMQPYDDMYPGYSYNNWAAKGLTSASLSTKSFPFFNSMNVNPLSSQSMFSPPNSISSMSMSSSMVPSAVTGVPGSSLNSLNNLNNLSSPSLNSAVPTPACPYAPPTPPYVYRDTCNSSLASLRLKAKQHSSFGYASVQNPASNLSACQYAVDRPV
A1ECB1	NKX2-5	LCALQKAVELEKTEADNAERPRARRRRKPRVLFSQAQVYELERRFKQQRYLSAPERDQLASVLKLTSTQVKIWFQNRRYKCKRQNRPDSGAGGAAPAAAA
A1ECB2	NKX2-5	LCALQKAVELEKTEADNAERPRARRRRKPRVLFSQAQVYELERRFKQQRYLSAPERDQLASVLKLTSTQVKIWFQNRRYKCKRQGRTRLWSWWGCPRRRR
A1ECB6	NKX2-5	LCALQKAVELEKTEADNAERPRARRRRKPRVLFSQAQVYELERRFKQQRYLSAPERDQLASVLKLTSTQVKIWFQNRRYKCKRQNRTRLWSWWGCPRRRR
A1ECB7	NKX2-5	LCALQKAVELEKTEADNAERPRARRRRKPRVLFSQAQVYELERRFKQQRYLSAPERDQLASVLKLTSTQVKIWFQNRRYKCKRQTGPDSGAGGAAPAAAA
A1ECB8	NKX2-5	LCALQKAVELEKTEADNAERPRARRRRKPRVLFSQAQVYELERRFKQQRYLSAPERDQLASVLKLTSTQVKIWFQNRRYKCKRQRQDQTLELVGLPPPPPP
A1ECD1	NKX2-5	LCALQKAVELEKTEADNAERPRARRRRKPRVLFSQAQVYELERRFKQQRYLSAPERDQLASVLKLTSTQVKIWFQNRRYKCKRLRQDQTLELVGLPPPPPP
A1L0T6	HOXA4	MSSFLINSNYIEPKRSRTAYTRQQVLELEKEFHFNRYLTRRRRIEIAHTLCLSERQVKIWFQNRRMKWKKDHKLPNTKMRSSNSASASAGPPGKAQTQSPHLHPHPHPSTSTPVPSSI
A4D0Z1	PAX4 hCG_33174 tcag7.68	MNQLGGLFVNGRPLPLDTRQQIVRLAVSGMRPCDISRILKVSNGCVSKILGRYYRTGVLEPKGIGGSKPRLATPPVVARIAQLKGECPALFAWEIQRQLCAEGLCTQDKTPSVSSINRVLRALQEDQGLPCTRLRSPAVLAPAVLTPHSGSETPRGTHPGTGHRNRTIFSPSQAEALEKEFQRGQYPDSVARGKLATATSLPEDTVRVWFSNRRAKWRRQEKLKWEMQLPGASQGLTVPRVAPGIISAQQSPGSVPTAALPALEPLGPSCYQLCWATAPERCLSDTPPKACLKPCWGHLPPQPNSLDSGLLCLPCPSSHCPLASLSGSQALLWPGCPLLYGLE
D6RBG8	PITX2	METNCRKLVSACVQLEKDKSQQGKNEDVGAEDPSKKKRQRRQRTHFTSQQLQELEATFQRNRYPDMSTREEIAVWTNLTEARVRVWFKNRRAKWRKRERNQQAELCKNGFGPQFNGLM
G3V2N3	PRRX1	MTSSYGHVLERQPALGGRLDSPGNLDTLQAKKNFSVSHLLDLEEAGDMVAAQADENVGEAGRSLLESPGLTSGSDTPQQDNDQLNSEEKKKRKQRRNRTTFNSSQLQALERVFERTHYPDAFVREDLARRVNLTEARVQVWFQNRRAKFRRNERAMLANKNASLLKSYSGDVTAVEQPIVPRPAPRPTDYLSWGTASPYR
H0YHX3	HOXA4	XKSPLGLKGKEPVVYPWMKKIHVSAVNPSYNGGEPKRSRTAYTRQQVLELEKEFHFNRYLTRRRRIEIAHTLCLSERQVKIWFQNRRMKWKKDHKLPNTKMRSSNSASASAGPPGKAQTQSPHLHPHPHPSTSTPVPSSI
J3KPG0	PAX4	MHQDGISSMNQLGGLFVNGRPLPLDTRQQIVRLAVSGMRPCDISRILKVSNGCVSKILGRYYRTGVLEPKGIGGSKPRLATPPVVARIAQLKGECPALFAWEIQRQLCAEGLCTQDKTPSVSSINRVLRALQEDQGLPCTRLRSPAVLAPAVLTPHSGSETPRGTHPGTGHRNRTIFSPSQAEALEKEFQRGQYPDSVARGKLATATSLPEDTVRVWFSNRRAKWRRQEKLKWEMQLPGASQGLTVPRVAPGIISAQQSPGSVPTAALPALEPLGPSCYQLCWATAPERCLSDTPPKACLKPCWDCGSFLLPVIAPSCVDVAWPCLDASLAHHLIGGAGKATPTHFSH
Q3KNR4	PAX4	MAWSSKSWLCLIASSCPRDTLLPSAHHASPVPASHLTQVSNGCVSKILGRYYRTGVLEPKGIGGSKPRLATPPVVARIAQLKGECPALFAWEIQRQLCAEGLCTQDKTPSVSSINRVLRALQEDQGLPCTRLRSPAVLAPAVLTPHSGSETPRGTHPGTGHRNRTIFSPSQAEALEKEFQRGQYPDSVARGKLATATSLPEDTVRVWFSNRRAKWRRQEKLKWEMQLPGASQGLTVPRVAPGIISAQQSPGSVPTAALPALEPLGPSCYQLCWATAPERCLSDTPPKACLKPCWGHLPPQPNSLDSGLLCLPCPSSHCPLASLSGSQALLWPGCPLLYGLE
Q8N561	HOXC9	PRVRSATGPISNYYVDSLISHDNEDLLASRFPATGAHPAAARPSGLVPDCSDFPSCSFAPKPAVFSTSWAPVPSQSSVVYHPYGPQPHLGADTRYMRTWLEPLSGAVSFPSFPAGGRHYALKPDAYPGRRADCGPGEGRSYPDYMYGSPGELRDRAPQTLPSPEADALAGSKHKEEKADLDPSNPVANWIHARSTRKKRCPYTKYQTLELEKEFLFNMYLTRDRRYEVARVLNLTERQVKIWFQNRRMKMKKMNKEKTDKEQS
U3KQ81	PITX2	MNCMKGPLHLEHRAAGTKLSAVSSSSCHHPQPLAMASVLAPGQPRSLDSSKHRLEVHTISDTSSPEAAEKDKSQQGKNEDVGAEDPSKKKRQRRQRTHFTSQQLQELEATFQRNRYPDMSTREEIAVWTNLTEARVRVGASTESGRDGGRMLWRYRPSRPGENVEGSAAWEGAGGAQLCKGRRPRGGLVARLQFPLRGRQDCRPGSGSQSGTGSLPRHPAISRAGLHGQSPAQDIVFLACSCQSRANKIPTRPRAANRLQPVSL
A0A087WTS9	CRX	MMAYMNPGPHYSVNALALSGPSVDLMHQAVPYPSLVQEPEG
A0A0H3W5E5	SIX6	MFQLPILNFSPQQVAGVCETLEESGDVERLGRFLWSLPVAPAACEALNKNESVLRARAIVAFHGGNYRELYHILENHKFTKESHAKLQALWLEAHYQEAEKLRGRPLGPVDKYRVRKKFPLPRTIWDGEQK
A0A0H3W5H1	SIX6	MFQLPILNFSPQQVAGVCETLEESGDVERLGRFLWSLPVAPAACEALNKNESVLRARAIVAFHGGNYRELYHILENHKFTKESHAKLQALWLEAHYQEAEKLRGRPLGPVDKYRVRKKFPLPRTIWD
A0A0H3W5J9	SIX6	MFQLPILNFSPQQVAGVCETLEESGDVERLGRFLWSLPVAPAACEALNKNESVLRARAIVAFHGGNYRELYHILENHKFTKESHAKLQALWLEAHYQEAEKLRGRPLGPVDKYRVRKKFPLPRTIWDGEQK
A0A0H3W5R8	SIX6	MFQLPILNFSPQQVAGVCETLEESGDVERLGRFLWSLPVAPAACEALNKNESVLRARAIVAFHGGNYRELYHILENHKFTKESHAKLQALWLEAHYQEAEKLRGRPLGPVDKYRVRKKFPLPRTIWDGEQK
A0A0S2Z3K2	NKX2-5	MFPSPALTPTPFSVKDILNLEQQQRSLAAAGELSARLEATLAPSSCMLAAFKPEAYAGPEAAAPGLPELRAELGRAPSPAKCASAFPAAPAFYPRAYSDPDPAKDPRAEKKA
A0A127AXL1	SIX6	MFQLPILNFSPQQVAGVCETLEESGDVERLGRFLWSLPVAPAACEALNKNESVLRARAIVAFHGGNYRELYHILENHKFTKESHAKLQALWLEAHYQEAEKLRGRPLGPVDKYRVRKKFPLPRTIWDGEQKTHCFKERTRHLLREWYLQDPYPNPSKKRELAQATGLTPTQVGNWFKNRRQRDRAAAAKN
A0A1B0GUI3	ARX	XTFLGAAVFRHPAFISPAFGRLHLPCHSSDPLPTTPPYVQAPIYTAVQ
A0A1B3B2J1	SIX6	LENHKFTKESHAKLQALWLEAHYQEAEKLRGRPLGPVDKYRVRKKFPLPRTIWDGEQKTHCFKERTRHLLREWYLQDPYPNPSKKRELAQATGLTPTQVGNWFKNRRQRDRAAAAKN
A0A1B3B2J6	SIX6	YRELYHILENHKFTKESHAKLQALWLEAHYQEAEKLRGRPLGPVDKYRVRKKFPLPRTIWDGEQKTHCFKERTRHLLREWYLQDPYPNPSKKRELAQATGLTPTQVGNWFKNRRQRDRAAAAKN
A0A1B3B2K2	SIX6	QLPILNFSPQQVAGVCETLEESGDVERLGRFLWSLPVAPAACEALNKNESVLRARAIVAFHGGNYRELYHILENHKFTKESHAKLQALWLEAHYQEAEKLRGRPLGPVDKYRVRKKFPLPRTIWDGEQKTHCFKERTRHLLREWYLQDPYPNPSKKRELAQATGLTPTQVGNWFKNRR
A0A1B3B2M0	SIX6	GGNYRELYHILENHKFTKESHAKLQALWLEAHYQEAEKLRGRPLGPVDKYRVRKKFPLPRTIWDGEQKTHCFKERTRHLLREWYLQDPYPNPSKKRELAQATGLTPTQVGNWFKNRRQRDRAAAAKN
A0A2H4QWY5	NKX2.5	MFPSPALTPTPFSVKDILNLEQQQRSLAAAGELSARLEATLAPSSCMLAAFK
A0A2R4LFT4	NKX2.5	GPEAAAPGLPELRAELGRAPSPAKCASAFPAAPAFYPRAYSDPDPPKDPRAEKK
A0A3B3IS30	ALX3	MELAKNKSKKRRNRTTFSTFQLEELEKVFQKTHYPDVYAREQLALRTDLTEARVQVWFQNRRAKWRKRERYGKIQEGRNPFTAAYDISVLPRTDSHPQLQNSLWASPGSGSPGGPCLVSPEGIPSPCMSPYSHPHGSVAGFMGVPAPSAAHPGIYSIHGFPPTLGGHSFEPSSDGDYKSPSLVSLRVKPKEPPGLLNWTT
A0A515EIZ4	HOXD13	MSRAGSWDMDGLRADGGGAGGAPASSSSSSVAAAAASGQCRGFLSAPVFAGTHSGRAAAAAAAAAAAAAAAAAAAAAAASGFAYPGTSERTGSSSSSSSSAVVAARPEAPPAKECPAPTPAAAAAAPPSAPALGYG
A0A515EIZ6	HOXD13	MSRAGSWDMDGLRADGGGAGGAPASSSSSSVAAAAASGQCRGFLSAPVFAGTHSGRAAAAAAAAAAAAAAASGFAYPGTSERTGSSSSSSSSAVVAARPGAPPAKECPAPTPAAAAAAPPSAPALGYG
A0A8J9G9V2	PITX2	METNCRKLVSACVQLGVQPAAVECLFSKDSEIKKVEFTDSPESRKEAASSKFFPRQHPGANGLVQESSGQMEKEGAQPAGRAMQEWLRAAVQWAHAALRRHVPRLFLQQLGRQGPYIRLPIHQELPLLQLYERQPPVITEHVFPTQLYLVHEHVVQHGALSSDRRPGLQSQQPE
A4GUB7	CRX	PLPEAQRAGLVASGPSLTSAPYAMTYAPASAFCSSPSAYGSP
C9J0A9	HESX1	MSPSLQEGAQLGENKPSTCSFSIERILGLDQKKDCVPLMKPHRPWADTCSSSGKDGNLCLHVPNPPSGISFPSVVDHPMPEERASKYENYFSASERLSLKRELSWYRGRRPRTAFTQNQIWFQNRRAKLKRSHRESQFLMAKKNFNTNLLE
D6RAG4	HOXC10	MYSAEKRAKSGPEAALYSHPLPESCLGEHEVPVPSYYRASPSYSALDKTPHCSGANDFEAPFEQRASLNPRAEHLESPQLGGKVSFPETPKSDSQTPSPNEIKTEQSLAGPKGSPSESEKERAKAAD
D6RIS4	MSX2	MASPSKGNDLFSPDEEGPAVVAGPGPGPGGAEGAAEERRVKVSSLPFSVEALMSDKKPPKEASPLPAESASAGATLRPLLLSGHGAREAHSPGPLVKPFETASVKSENSEDGAAWMQEPGRYSPPPSECAPGQE
E5RH49	NKX2-5	MFPSPALTPTPFSVKDILNLEQQQRSLAAAGELSARLEATLAPSSCMLAAFKPEAYAGPEAAAPGLPELRAELGRAPSPAKCASAFPAAPAFYPRAYSDPDPAKDPRAEKKAQLAGAARAERFPRGKVRKCCATAGTREWTR
E5RHM9	HOXA7	MSSSYYVNALFSKYTAGASLFQNAEPTSCS
H0YL59	PBX4	MAAPPRPAPSPPAPRRLDTSDVLQQIMAITDQSLDEAQARKHALNCHRMKPALFSVLCEIKEKTVVSIRGIQDEDPPDAQLLRLDNMLLAEGVCRPEKRGRGGAVARAGTATPGLS
H3BUU7	CRX	MMAYMNPGPHYSVNALALSGPSVDLMHQAVPYPSAPRKQRRERTTFTRSQLEELEAL
J3KR67	HESX1	MSPSLQEGAQLGENKPSTCSFSIERILGLDQKKDCVPLMKPHRPWADTCSSSGKDGNLCLHVPNPPSGISFPSVVDHPMPEERASKYENYFSASERLSLKRELSWYR
O15222	HOXC9	MKKMNKEKTDKEQS
Q3KNR5	PAX4	MAWSSKSWLCLIASSCPRDTLLPSAHHASPVPASHLTQVSNGCVSKILGRYYRTGVLEPKGIGGSKPRLATPPVVARIAQLKGECPALFAWEIQRQLCAEGLCTQDKTPSVSSINRVLRALQEDQGLPCTRLRSPAVLAPAVLTPHSGSETPRGTHPGTGHRNRTIFSPSQAEALEKEFQRGQYPDSVARGKLATATSLPEDTVRVWFSNRRAKWRRQEKLKWEMQLPGASQGLTVPRVAPGIISAQGPTVFMSRKY
Q5M8S8	SIX6	SRPLSHRRHPVVCPAAPIRLINKRLAHSARPAGICCVSRSGLSALAAAGTASMFQLPILNFSPQQVAGVCETLEESGDVERLGRFLWSLPVAPAACEALNKNESVLRARAIVAFHGGNYRELYHILENHKFTKESHAKLQALWLEAHYQEAEKLRGRPLGPVDKYRVRKKFPLPRTIWDGEQKTHCFKERTRHLLREWYLQDPYPNPSKKRELAQATGLTPTQVGNWFKNRRQRDRAAAAKNRLQQQVLSQGSGRALRAEGDGTPEVLGVATSPAASLSSKAATSAISITSSDSECDI
Q6P051	SIX6	PPVGVVRSRPLSHRRHPVVCPAAPIRLINKRLAHSARPAGICCVSRSGLSALAAAGTASMFQLPILNFSPQQVAGVCETLEESGDVERLGRFLWSLPVAPAACEALNKNESVLRARAIVAFHGGNYRELYHILENHKFTKESHAKLQALWLEAHYQEAEKLRGRPLGPVDKYRVRKKFPLPRTIWDGEQKTHCFKERTRHLLREWYLQDPYPNPSKKRELAQATGLTPTQVGNWFKNRRQRDRAAAAKNRLQQQVLSQGSGRALRAEGDGTPEVLGVATSPAASLSSKAATSAISITSSDSECDI
